{
	"format_version": "1.8.0",
	"animations": {
		"animation.borzoi.idle": {
			"animation_length": 0.75,
			"bones": {
				"tail": {
					"rotation": {
						"0.0": {
							"vector": [27.5, 0, 0]
						},
						"0.25": {
							"vector": [20.99692, 18.17696, -39.10406]
						},
						"0.5": {
							"vector": [20.99692, -18.17696, 39.10406]
						},
						"0.75": {
							"vector": [20.99692, 18.17696, -39.10406]
						}
					}
				}
			}
		},
		"animation.borzoi.walk": {
			"animation_length": 1,
			"bones": {
				"leg1": {
					"rotation": {
						"0.0": {
							"vector": [0, 0, 0]
						},
						"0.2917": {
							"vector": [22.5, 0, 0]
						},
						"0.5833": {
							"vector": [-22.5, 0, 0]
						},
						"0.9167": {
							"vector": [22.5, 0, 0]
						}
					}
				},
				"leg2": {
					"rotation": {
						"0.0": {
							"vector": [0, 0, 0]
						},
						"0.2917": {
							"vector": [-22.5, 0, 0]
						},
						"0.5833": {
							"vector": [22.5, 0, 0]
						},
						"0.9167": {
							"vector": [-22.5, 0, 0]
						}
					}
				},
				"leg3": {
					"rotation": {
						"0.0": {
							"vector": [0, 0, 0]
						},
						"0.2917": {
							"vector": [22.5, 0, 0]
						},
						"0.5833": {
							"vector": [-22.5, 0, 0]
						},
						"0.9167": {
							"vector": [22.5, 0, 0]
						}
					}
				},
				"leg4": {
					"rotation": {
						"0.0": {
							"vector": [0, 0, 0]
						},
						"0.2917": {
							"vector": [-22.5, 0, 0]
						},
						"0.5833": {
							"vector": [22.5, 0, 0]
						},
						"0.9167": {
							"vector": [-22.5, 0, 0]
						}
					}
				},
				"tail": {
					"rotation": {
						"0.0": {
							"vector": [0, 0, 0]
						},
						"0.2917": {
							"vector": [27.62113, 12.19908, -21.99054]
						},
						"0.5833": {
							"vector": [27.62113, -12.19908, 21.99054]
						},
						"0.9167": {
							"vector": [27.62113, 12.19908, -21.99054]
						}
					}
				}
			}
		},
		"animation.borzoi.sit": {
			"animation_length": 0.83333,
			"bones": {
				"head": {
					"rotation": {
						"vector": [-17.5, 0, 0]
					},
					"position": {
						"vector": [0, 2, 3]
					}
				},
				"body": {
					"rotation": {
						"vector": [-45, 0, 0]
					},
					"position": {
						"vector": [0, -2, 0]
					}
				},
				"tail": {
					"rotation": {
						"0.0": {
							"vector": [137.5, 0, 0]
						},
						"0.25": {
							"vector": [145.95742, 27.15647, 34.04258]
						},
						"0.5417": {
							"vector": [145.95742, -27.15647, -34.04258]
						},
						"0.8333": {
							"vector": [145.95742, 27.15647, 34.04258]
						}
					},
					"position": {
						"vector": [0, -7, 0]
					}
				},
				"leg1": {
					"rotation": {
						"vector": [-37.26251, -4.55749, -83.46275]
					},
					"position": {
						"vector": [0, -5, 0]
					}
				},
				"leg2": {
					"rotation": {
						"vector": [-37.07723, 6.06809, 85.46341]
					},
					"position": {
						"vector": [0, -5, 0]
					}
				},
				"leg3": {
					"position": {
						"vector": [0, 0, 3]
					}
				},
				"leg4": {
					"position": {
						"vector": [0, 0, 3]
					}
				}
			}
		}
	},
	"geckolib_format_version": 2
}